"","dt","actual"
"1",2018-03-02,423.953738081331
"2",2018-03-03,948.763323412805
"3",2018-03-04,361.515623805793
"4",2018-03-05,262.782490509752
"5",2018-03-06,76.7036714061238
"6",2018-03-07,156.060011213577
"7",2018-03-08,442.503551950356
"8",2018-03-09,32.7307820427374
"9",2018-03-10,603.440299960428
"10",2018-03-11,516.994013856856
"11",2018-03-12,313.179910926201
"12",2018-03-13,51.4813264880707
"13",2018-03-14,358.493067198577
"14",2018-03-15,23.7021998002836
"15",2018-03-16,449.456344262725
"16",2018-03-17,434.968696891431
"17",2018-03-18,241.266575680623
"18",2018-03-19,276.954310250073
"19",2018-03-20,310.428615015969
"20",2018-03-21,1044.87071302031
"21",2018-03-22,396.390480411544
"22",2018-03-23,19.2045775409034
"23",2018-03-24,447.635870115351
"24",2018-03-25,124.292459395493
"25",2018-03-26,244.561632486943
"26",2018-03-27,170.1509193871
"27",2018-03-28,328.026176920959
"28",2018-03-29,228.516401842061
"29",2018-03-30,195.127774076206
"30",2018-03-31,138.023856230467
"31",2018-04-01,295.015799514599
"32",2018-04-02,99.9534361574953
"33",2018-04-03,243.122666361871
"34",2018-04-04,76.0051794438445
"35",2018-04-05,180.848343347021
"36",2018-04-06,282.944850136724
"37",2018-04-07,371.706422937796
"38",2018-04-08,313.304299222507
"39",2018-04-09,974.545423681425
"40",2018-04-10,120.190986205362
"41",2018-04-11,265.145435411492
"42",2018-04-12,223.289041651329
"43",2018-04-13,1288.91635191059
"44",2018-04-14,469.842545888009
"45",2018-04-15,611.716063926439
"46",2018-04-16,272.063660606893
"47",2018-04-17,338.148985379572
"48",2018-04-18,501.296098127841
"49",2018-04-19,755.941012289541
"50",2018-04-20,784.845352093961
"51",2018-04-21,726.901350124262
"52",2018-04-22,591.841724235224
"53",2018-04-23,191.09007632583
"54",2018-04-24,289.712539538482
"55",2018-04-25,460.08071197692
"56",2018-04-26,711.286251392435
"57",2018-04-27,284.615428956265
"58",2018-04-28,395.168773427827
"59",2018-04-29,316.96159325336
"60",2018-04-30,298.164969474478
"61",2018-05-01,176.54454863779
"62",2018-05-02,746.733115328534
"63",2018-05-03,346.154481786888
"64",2018-05-04,99.1892643604501
"65",2018-05-05,113.223540464397
"66",2018-05-06,158.74983968447
"67",2018-05-07,417.511553438522
"68",2018-05-08,317.856315378448
"69",2018-05-09,326.073285751302
"70",2018-05-10,147.766381145454
"71",2018-05-11,29.3096313069555
"72",2018-05-12,41.2158825247032
"73",2018-05-13,553.224258053573
"74",2018-05-14,430.082619241012
"75",2018-05-15,936.337066366831
"76",2018-05-16,137.25502260148
"77",2018-05-17,409.891365910581
"78",2018-05-18,915.578526595882
"79",2018-05-19,584.950308618536
"80",2018-05-20,462.897809778032
"81",2018-05-21,183.430816075342
"82",2018-05-22,82.9837014925332
"83",2018-05-23,182.67628134615
"84",2018-05-24,83.7808082611011
"85",2018-05-25,804.451206470024
"86",2018-05-26,828.717451283862
"87",2018-05-27,379.019649961631
"88",2018-05-28,368.501225280934
"89",2018-05-29,504.236214755097
"90",2018-05-30,135.949590527535
"91",2018-05-31,170.632294468112
"92",2018-06-01,813.935264055846
"93",2018-06-02,238.503547180885
"94",2018-06-03,443.061420526053
"95",2018-06-04,222.917498180184
"96",2018-06-05,113.252839414657
"97",2018-06-06,497.848048622947
"98",2018-06-07,740.673810994471
"99",2018-06-08,713.510683904156
"100",2018-06-09,67.0234264769313
"101",2018-06-10,357.568183130287
"102",2018-06-11,299.670041992237
"103",2018-06-12,69.9363695380312
"104",2018-06-13,608.271463965365
"105",2018-06-14,120.381084376842
"106",2018-06-15,383.453083290058
"107",2018-06-16,305.114695534911
"108",2018-06-17,274.442920304295
"109",2018-06-18,597.33813504651
"110",2018-06-19,1103.36004446596
"111",2018-06-20,451.528865156645
"112",2018-06-21,331.146639568109
"113",2018-06-22,57.3242862632964
"114",2018-06-23,66.2897063108947
"115",2018-06-24,599.018438789093
"116",2018-06-25,361.431684242989
"117",2018-06-26,540.99247938428
"118",2018-06-27,66.8991911767609
"119",2018-06-28,136.507918817226
"120",2018-06-29,516.898985366713
"121",2018-06-30,235.988867662487
"122",2018-07-01,129.025463014737
"123",2018-07-02,600.025337273916
"124",2018-07-03,194.850362131813
"125",2018-07-04,181.947861044828
"126",2018-07-05,52.6221281329153
"127",2018-07-06,273.899839353952
"128",2018-07-07,166.092635958875
"129",2018-07-08,313.359214505145
"130",2018-07-09,162.218218504589
"131",2018-07-10,214.612146217818
"132",2018-07-11,168.845030330844
"133",2018-07-12,144.71169388766
"134",2018-07-13,194.615706040154
"135",2018-07-14,412.183864936123
"136",2018-07-15,8.52555778949225
"137",2018-07-16,829.802574896497
"138",2018-07-17,941.191260261581
"139",2018-07-18,561.76620753968
"140",2018-07-19,517.880011291991
"141",2018-07-20,435.221253589944
"142",2018-07-21,193.505095606833
"143",2018-07-22,138.590105834672
"144",2018-07-23,89.8767684211106
"145",2018-07-24,524.65793319364
"146",2018-07-25,393.078642809423
"147",2018-07-26,431.353443563476
"148",2018-07-27,657.749866094078
"149",2018-07-28,93.517226896966
"150",2018-07-29,142.605490902388
"151",2018-07-30,230.897089069815
"152",2018-07-31,352.115994075918
"153",2018-08-01,785.760157657243
"154",2018-08-02,377.697829466872
"155",2018-08-03,230.715086656503
"156",2018-08-04,297.211785664931
"157",2018-08-05,378.174991905641
"158",2018-08-06,980.46362798391
"159",2018-08-07,558.893060909829
"160",2018-08-08,177.126870172983
"161",2018-08-09,443.767731160497
"162",2018-08-10,30.4733937745615
"163",2018-08-11,376.122690721453
"164",2018-08-12,850.430079505737
"165",2018-08-13,886.369018860129
"166",2018-08-14,27.7368711759288
"167",2018-08-15,228.793117480359
"168",2018-08-16,366.912930015609
"169",2018-08-17,864.11025481185
"170",2018-08-18,375.051831828753
"171",2018-08-19,1099.59705635021
"172",2018-08-20,363.737540348796
"173",2018-08-21,202.223061875085
"174",2018-08-22,157.092571896822
"175",2018-08-23,392.697826209556
"176",2018-08-24,2197.40128512721
"177",2018-08-25,928.293805400848
"178",2018-08-26,107.598428276965
"179",2018-08-27,359.505543313584
"180",2018-08-28,834.360581494422
"181",2018-08-29,271.49767491712
"182",2018-08-30,738.282404515708
"183",2018-08-31,634.760106257067
"184",2018-09-01,218.578658820521
"185",2018-09-02,389.320838588095
"186",2018-09-03,447.788421691645
"187",2018-09-04,937.845405010329
"188",2018-09-05,890.641830335474
"189",2018-09-06,869.454166391968
"190",2018-09-07,648.746561048823
"191",2018-09-08,272.176533375013
"192",2018-09-09,529.401564068431
"193",2018-09-10,459.98649455766
"194",2018-09-11,880.680837347109
"195",2018-09-12,1166.61693165441
"196",2018-09-13,571.504175740489
"197",2018-09-14,673.608497809468
"198",2018-09-15,879.995547509238
"199",2018-09-16,1104.55361933868
"200",2018-09-17,2076.30685170167
"201",2018-09-18,854.959286214997
"202",2018-09-19,870.961757137336
"203",2018-09-20,398.504978484178
"204",2018-09-21,303.504697090404
"205",2018-09-22,969.9252672753
"206",2018-09-23,1921.32099209688
"207",2018-09-24,1383.84896287659
"208",2018-09-25,349.781153536583
"209",2018-09-26,996.472010098514
"210",2018-09-27,513.41989324488
"211",2018-09-28,573.280879608288
"212",2018-09-29,1088.8849723806
"213",2018-09-30,839.753203726125
"214",2018-10-01,774.103978030608
"215",2018-10-02,299.072157211688
"216",2018-10-03,380.304673581037
"217",2018-10-04,264.491942336048
"218",2018-10-05,327.115639751149
"219",2018-10-06,783.815173151466
"220",2018-10-07,223.405189343037
"221",2018-10-08,175.916766934476
"222",2018-10-09,302.619991394344
"223",2018-10-10,942.483831489284
"224",2018-10-11,650.568417250278
"225",2018-10-12,691.726343521546
"226",2018-10-13,337.081429925515
"227",2018-10-14,421.817051024575
"228",2018-10-15,540.491916642652
"229",2018-10-16,884.430064784873
"230",2018-10-17,549.384875051231
"231",2018-10-18,698.855646769303
"232",2018-10-19,305.271119251908
"233",2018-10-20,396.820577067357
"234",2018-10-21,301.111487298529
"235",2018-10-22,1007.01039496751
"236",2018-10-23,1149.8298709245
"237",2018-10-24,551.981575813969
"238",2018-10-25,309.665243328978
"239",2018-10-26,128.604091888839
"240",2018-10-27,797.430897975008
"241",2018-10-28,1095.45217379965
"242",2018-10-29,379.926845914711
"243",2018-10-30,711.768378227649
"244",2018-10-31,282.275162998675
"245",2018-11-01,464.150628991176
"246",2018-11-02,319.637903067037
"247",2018-11-03,1036.80957624857
"248",2018-11-04,1232.57547027912
"249",2018-11-05,963.176942654831
"250",2018-11-06,412.227801389132
"251",2018-11-07,679.829012476531
"252",2018-11-08,274.616130788883
"253",2018-11-09,873.956456644629
"254",2018-11-10,1284.76319283437
"255",2018-11-11,979.777393442775
"256",2018-11-12,140.691952596173
"257",2018-11-13,449.02058737036
"258",2018-11-14,892.980472090419
"259",2018-11-15,471.892524601316
"260",2018-11-16,1257.11651181945
"261",2018-11-17,1282.31248597896
"262",2018-11-18,493.949798620412
"263",2018-11-19,687.39002458487
"264",2018-11-20,816.17823656524
"265",2018-11-21,673.400394721611
"266",2018-11-22,1509.39950823143
"267",2018-11-23,475.804924129602
"268",2018-11-24,495.394153533176
"269",2018-11-25,219.915313518445
"270",2018-11-26,888.245284509333
"271",2018-11-27,2262.38017922789
"272",2018-11-28,610.905364546999
"273",2018-11-29,785.105218343631
"274",2018-11-30,905.872647032599
"275",2018-12-01,312.057925403099
"276",2018-12-02,525.811375669568
"277",2018-12-03,451.748923649692
"278",2018-12-04,729.967242833893
"279",2018-12-05,846.315686487602
"280",2018-12-06,612.367315837802
"281",2018-12-07,567.081320810881
"282",2018-12-08,128.410196529646
"283",2018-12-09,1140.09082196329
"284",2018-12-10,923.660327818221
"285",2018-12-11,691.374458599185
"286",2018-12-12,676.928171498105
"287",2018-12-13,123.206917174922
"288",2018-12-14,436.316622016113
"289",2018-12-15,645.93819417957
"290",2018-12-16,1353.2292708485
"291",2018-12-17,599.805966516668
"292",2018-12-18,312.169494809972
"293",2018-12-19,394.87581243369
"294",2018-12-20,124.55564113006
"295",2018-12-21,682.232621831613
"296",2018-12-22,762.084361853821
"297",2018-12-23,802.798228153944
"298",2018-12-24,115.687536928202
"299",2018-12-25,762.648432220602
"300",2018-12-26,478.7490934586
"301",2018-12-27,1607.49743283443
"302",2018-12-28,962.560552118865
"303",2018-12-29,789.653922680541
"304",2018-12-30,394.233587101919
"305",2018-12-31,112.418885446385
"306",2019-01-01,193.295232081457
"307",2019-01-02,349.603447336414
"308",2019-01-03,575.344906806405
"309",2019-01-04,902.429613175016
"310",2019-01-05,628.803000735792
"311",2019-01-06,1126.75055020036
"312",2019-01-07,894.097787621483
"313",2019-01-08,448.461013687834
"314",2019-01-09,1632.94197950835
"315",2019-01-10,1629.03712071267
"316",2019-01-11,637.289419157494
"317",2019-01-12,371.94660086153
"318",2019-01-13,371.305298164903
"319",2019-01-14,1011.00252477416
"320",2019-01-15,966.023345499711
"321",2019-01-16,1731.87913370842
"322",2019-01-17,564.87902906734
"323",2019-01-18,431.787870778876
"324",2019-01-19,759.261652783501
"325",2019-01-20,1650.35150643777
"326",2019-01-21,1029.1926333342
"327",2019-01-22,1239.47830546783
"328",2019-01-23,548.471579202108
"329",2019-01-24,952.836052727875
"330",2019-01-25,452.910980026069
"331",2019-01-26,1049.55715711526
"332",2019-01-27,2303.80882415583
"333",2019-01-28,1425.5690177281
"334",2019-01-29,1065.60786193688
"335",2019-01-30,788.224113996194
"336",2019-01-31,622.823385731392
"337",2019-02-01,772.807552170599
"338",2019-02-02,1637.9861815501
"339",2019-02-03,1643.5760433354
"340",2019-02-04,231.610760185063
"341",2019-02-05,600.885805084249
"342",2019-02-06,558.488219454392
"343",2019-02-07,820.34589390981
"344",2019-02-08,1681.05700158329
"345",2019-02-09,1181.77223991501
"346",2019-02-10,1061.55768841586
"347",2019-02-11,534.327043508988
"348",2019-02-12,386.073072984355
"349",2019-02-13,1314.48437007291
"350",2019-02-14,2072.54652525755
"351",2019-02-15,1770.62251596667
"352",2019-02-16,677.997416377908
"353",2019-02-17,691.488898455674
"354",2019-02-18,278.905079755882
"355",2019-02-19,2184.56817983507
"356",2019-02-20,1244.0964451334
"357",2019-02-21,1314.23501161749
"358",2019-02-22,913.600295112916
"359",2019-02-23,588.447932942939
"360",2019-02-24,622.504821260966
"361",2019-02-25,2213.82279412579
"362",2019-02-26,2526.44150641803
"363",2019-02-27,949.053344344632
"364",2019-02-28,726.466279458558
"365",2019-03-01,1011.39680938496
"366",2019-03-02,1220.65528143538
"367",2019-03-03,2508.96310222312
"368",2019-03-04,654.63177012899
"369",2019-03-05,1506.22220386138
"370",2019-03-06,752.426985390551
"371",2019-03-07,842.792244035082
"372",2019-03-08,1156.63645599984
"373",2019-03-09,853.637082741827
"374",2019-03-10,1097.70354980457
"375",2019-03-11,1280.09825934927
"376",2019-03-12,435.49809577352
"377",2019-03-13,973.896925052385
"378",2019-03-14,885.808022547045
"379",2019-03-15,720.809348182473
"380",2019-03-16,2535.62819499421
"381",2019-03-17,1464.45772086157
"382",2019-03-18,1295.54053874717
"383",2019-03-19,312.245521176761
"384",2019-03-20,700.388661019586
"385",2019-03-21,1534.83665583382
"386",2019-03-22,1943.05976146648
"387",2019-03-23,1163.28448011419
"388",2019-03-24,1007.15924849987
"389",2019-03-25,1032.58267193145
"390",2019-03-26,749.319837125286
"391",2019-03-27,1339.0230038503
"392",2019-03-28,1908.63140980744
"393",2019-03-29,1560.34144718403
"394",2019-03-30,940.042197857094
"395",2019-03-31,1459.78682900395
"396",2019-04-01,849.115457640844
"397",2019-04-02,961.443668297682
"398",2019-04-03,905.567053042376
"399",2019-04-04,960.692950299197
"400",2019-04-05,723.991723763734
"401",2019-04-06,383.930179139478
"402",2019-04-07,862.110721617909
"403",2019-04-08,2015.41068660253
"404",2019-04-09,1329.8777067413
"405",2019-04-10,1194.90530852549
"406",2019-04-11,1515.59264366175
"407",2019-04-12,332.255090814294
"408",2019-04-13,1230.6564674332
"409",2019-04-14,1743.92472771751
"410",2019-04-15,1899.86513231476
"411",2019-04-16,1500.50405104392
"412",2019-04-17,436.128065984625
"413",2019-04-18,266.749559382818
"414",2019-04-19,295.636765122601
"415",2019-04-20,1819.77802997098
"416",2019-04-21,699.447646944678
"417",2019-04-22,1232.15465121057
"418",2019-04-23,782.376106110323
"419",2019-04-24,529.825454356196
"420",2019-04-25,755.528918858012
"421",2019-04-26,1441.121775795
"422",2019-04-27,1519.64500498358
"423",2019-04-28,2246.93846500782
"424",2019-04-29,936.367985825828
"425",2019-04-30,1119.11283914784
"426",2019-05-01,507.364765902536
"427",2019-05-02,720.067999855464
"428",2019-05-03,1660.77437357483
"429",2019-05-04,1077.51653139558
"430",2019-05-05,207.833961351674
"431",2019-05-06,869.170938570375
"432",2019-05-07,1875.89650191439
"433",2019-05-08,1241.21156927589
"434",2019-05-09,964.786065941005
"435",2019-05-10,1156.18318043144
"436",2019-05-11,859.870094872921
"437",2019-05-12,465.163683282452
"438",2019-05-13,786.919722313128
"439",2019-05-14,1492.93295093863
"440",2019-05-15,1759.08034917709
"441",2019-05-16,909.866538495673
"442",2019-05-17,424.02245694978
"443",2019-05-18,582.788648876477
"444",2019-05-19,670.863807830414
"445",2019-05-20,1135.9976960532
"446",2019-05-21,1008.30078213606
"447",2019-05-22,2043.97078199563
"448",2019-05-23,1432.10153209724
"449",2019-05-24,1391.11006390308
"450",2019-05-25,378.907738262994
"451",2019-05-26,687.136059288713
"452",2019-05-27,1466.32620139637
"453",2019-05-28,1126.9597293273
"454",2019-05-29,496.334019598638
"455",2019-05-30,645.64827815097
"456",2019-05-31,1449.66399475062
"457",2019-06-01,1419.75170102187
"458",2019-06-02,1402.60739408082
"459",2019-06-03,1900.45169172522
"460",2019-06-04,1140.27568622821
"461",2019-06-05,488.012458021946
"462",2019-06-06,522.451529138812
"463",2019-06-07,881.353088419853
"464",2019-06-08,1675.29337383534
"465",2019-06-09,867.461446508271
"466",2019-06-10,227.810044804257
"467",2019-06-11,308.149881191966
"468",2019-06-12,794.131237851065
"469",2019-06-13,875.380713497942
"470",2019-06-14,1171.75309666361
"471",2019-06-15,1150.51620858589
"472",2019-06-16,658.527779340415
"473",2019-06-17,715.374398250858
"474",2019-06-18,979.744478899968
"475",2019-06-19,838.6462261633
"476",2019-06-20,1903.44342918146
"477",2019-06-21,1333.93997025056
"478",2019-06-22,415.852992735313
"479",2019-06-23,546.876691222065
"480",2019-06-24,632.893579214625
"481",2019-06-25,1185.16169960225
"482",2019-06-26,2136.1340503101
"483",2019-06-27,1004.10665720883
"484",2019-06-28,889.421633391869
"485",2019-06-29,684.16103826478
"486",2019-06-30,367.643201123778
"487",2019-07-01,1286.82171042408
"488",2019-07-02,1200.51733419623
"489",2019-07-03,300.561003010987
"490",2019-07-04,558.733757219314
"491",2019-07-05,732.694375349857
"492",2019-07-06,941.984607078594
"493",2019-07-07,393.638615028663
"494",2019-07-08,2892.58952583189
"495",2019-07-09,2001.20279261996
"496",2019-07-10,702.188263840482
"497",2019-07-11,826.827842908527
"498",2019-07-12,702.339789201172
"499",2019-07-13,990.814260696196
"500",2019-07-14,1378.68019416996
"501",2019-07-15,1137.75079678125
"502",2019-07-16,1071.09813938458
"503",2019-07-17,580.064649829797
"504",2019-07-18,659.710870257683
"505",2019-07-19,1487.19282224238
"506",2019-07-20,2500.8449642168
"507",2019-07-21,1424.16503152204
"508",2019-07-22,404.934199828612
"509",2019-07-23,519.088568530703
"510",2019-07-24,664.79148041262
"511",2019-07-25,735.007069515613
"512",2019-07-26,897.141160775071
"513",2019-07-27,952.020684196893
"514",2019-07-28,368.055669048637
"515",2019-07-29,597.026008252652
"516",2019-07-30,630.421877622872
"517",2019-07-31,1476.14424747422
"518",2019-08-01,1609.92279478566
"519",2019-08-02,1360.46682536909
"520",2019-08-03,708.286162342269
"521",2019-08-04,762.770142406986
"522",2019-08-05,620.443205604497
"523",2019-08-06,1074.98565254164
"524",2019-08-07,603.060514195359
"525",2019-08-08,750.288336671363
"526",2019-08-09,811.277623389416
"527",2019-08-10,713.798535741001
"528",2019-08-11,618.418334835289
"529",2019-08-12,1508.75919703613
"530",2019-08-13,1350.0840312885
"531",2019-08-14,1693.48247458637
"532",2019-08-15,1059.85861040823
"533",2019-08-16,548.777372285299
"534",2019-08-17,601.816149519204
"535",2019-08-18,1205.45476894855
"536",2019-08-19,576.93486865613
"537",2019-08-20,1181.71717648886
"538",2019-08-21,1050.72394869994
"539",2019-08-22,1145.48153863328
"540",2019-08-23,252.633887978651
"541",2019-08-24,1078.52958304487
"542",2019-08-25,1994.65807183897
"543",2019-08-26,1890.13139954408
"544",2019-08-27,980.584496249516
"545",2019-08-28,352.269628651215
"546",2019-08-29,992.191947764499
"547",2019-08-30,823.100319903715
"548",2019-08-31,841.809410988025
"549",2019-09-01,791.175344941611
"550",2019-09-02,1702.265407813
"551",2019-09-03,643.652182020623
"552",2019-09-04,1231.85832577908
"553",2019-09-05,2586.67040996516
"554",2019-09-06,2206.08364447702
"555",2019-09-07,2479.14520047594
"556",2019-09-08,1577.49242907655
"557",2019-09-09,1067.49064579482
"558",2019-09-10,971.687821591133
"559",2019-09-11,1911.84348022117
"560",2019-09-12,3056.1095900195
"561",2019-09-13,3002.80285219711
"562",2019-09-14,1888.33529173646
"563",2019-09-15,1309.80121934509
"564",2019-09-16,1781.20791710342
"565",2019-09-17,2604.27713506195
"566",2019-09-18,2101.24313497255
"567",2019-09-19,1771.59510852831
"568",2019-09-20,1520.18127978882
"569",2019-09-21,1886.29414113576
"570",2019-09-22,2959.75687732923
"571",2019-09-23,1453.12247588664
"572",2019-09-24,2509.15631107658
"573",2019-09-25,1608.32958257269
"574",2019-09-26,951.386242308139
"575",2019-09-27,797.216204256963
"576",2019-09-28,2135.61309832181
"577",2019-09-29,3042.24491520262
"578",2019-09-30,3131.47533879886
"579",2019-10-01,2028.15570996046
"580",2019-10-02,925.630992262043
"581",2019-10-03,1628.14499102198
"582",2019-10-04,930.310468698336
"583",2019-10-05,1109.13210871224
"584",2019-10-06,2239.30930554506
"585",2019-10-07,1906.36336299645
"586",2019-10-08,1548.92056923966
"587",2019-10-09,1515.34592286222
"588",2019-10-10,959.109854601212
"589",2019-10-11,1590.75320530653
"590",2019-10-12,1664.03800210578
"591",2019-10-13,1891.92900501259
"592",2019-10-14,1942.64202898822
"593",2019-10-15,113.266148847329
"594",2019-10-16,1218.18913830761
"595",2019-10-17,1799.28791114997
"596",2019-10-18,1529.5557478572
"597",2019-10-19,860.162385937839
"598",2019-10-20,639.931664858912
"599",2019-10-21,835.247225435774
"600",2019-10-22,1103.58170857216
"601",2019-10-23,2682.35412221662
"602",2019-10-24,3388.41609309223
"603",2019-10-25,1586.15185861714
"604",2019-10-26,1327.0037663265
"605",2019-10-27,1467.64064084782
"606",2019-10-28,595.185752495145
"607",2019-10-29,1994.24814456875
"608",2019-10-30,1953.63509586895
"609",2019-10-31,2029.27582212499
"610",2019-11-01,1388.68071093573
"611",2019-11-02,496.710336859732
"612",2019-11-03,2371.55304260877
"613",2019-11-04,2341.00991044393
"614",2019-11-05,1801.1212588661
"615",2019-11-06,2446.63597554935
"616",2019-11-07,1396.26329613339
"617",2019-11-08,1389.06361411083
"618",2019-11-09,2107.1970687787
"619",2019-11-10,1881.50544978774
"620",2019-11-11,2791.80914723462
"621",2019-11-12,2155.44686917787
"622",2019-11-13,1747.92759546338
"623",2019-11-14,1217.03802026401
"624",2019-11-15,1970.33328081312
"625",2019-11-16,1837.73324177387
"626",2019-11-17,2011.73830527955
"627",2019-11-18,2872.99643822203
"628",2019-11-19,1800.06046967698
"629",2019-11-20,1706.30643042761
"630",2019-11-21,2206.97290804991
"631",2019-11-22,2344.71484915247
"632",2019-11-23,1389.17997508278
"633",2019-11-24,2410.47369912836
"634",2019-11-25,1590.38368631566
"635",2019-11-26,1389.06547046273
"636",2019-11-27,1015.09816177572
"637",2019-11-28,2721.78004833955
"638",2019-11-29,1974.58081953379
"639",2019-11-30,2801.09417257015
"640",2019-12-01,937.827345074566
"641",2019-12-02,2020.58434455609
"642",2019-12-03,1080.24421690357
"643",2019-12-04,2251.58951022847
"644",2019-12-05,2122.7968044919
"645",2019-12-06,1523.45009411646
"646",2019-12-07,1118.15765244675
"647",2019-12-08,1578.94311805092
"648",2019-12-09,872.527889144351
"649",2019-12-10,1701.07289697747
"650",2019-12-11,2431.71496020332
"651",2019-12-12,2199.22237979946
"652",2019-12-13,600.213358420386
"653",2019-12-14,797.277458408259
"654",2019-12-15,907.426682621058
"655",2019-12-16,800.65625309844
"656",2019-12-17,1945.6342768252
"657",2019-12-18,2312.86505100021
"658",2019-12-19,1523.49471872427
"659",2019-12-20,1302.98118241086
"660",2019-12-21,1062.02944910598
"661",2019-12-22,1263.6858688923
"662",2019-12-23,2261.53084970194
"663",2019-12-24,1567.14701229385
"664",2019-12-25,749.392614147968
"665",2019-12-26,1002.69368389955
"666",2019-12-27,1244.40272204498
"667",2019-12-28,2053.80750494163
"668",2019-12-29,2231.65137775393
"669",2019-12-30,1902.72736057964
"670",2019-12-31,1842.91194381126
"671",2020-01-01,563.87047328599
"672",2020-01-02,2437.98629983339
"673",2020-01-03,1466.22514404431
"674",2020-01-04,2028.01265520881
"675",2020-01-05,2249.87732120146
"676",2020-01-06,1928.50748545168
"677",2020-01-07,2227.88525592842
"678",2020-01-08,1400.8283054151
"679",2020-01-09,1988.72570345452
"680",2020-01-10,1591.74030394366
"681",2020-01-11,2616.11055448917
"682",2020-01-12,1486.59864863304
"683",2020-01-13,2189.15184698806
"684",2020-01-14,945.538952862927
"685",2020-01-15,1207.47918850419
"686",2020-01-16,1752.44318541027
"687",2020-01-17,1775.16294022799
"688",2020-01-18,804.94851942397
"689",2020-01-19,1898.88049602947
"690",2020-01-20,1831.75528452155
"691",2020-01-21,2439.00581878155
"692",2020-01-22,2124.94834293563
"693",2020-01-23,2332.57634517828
"694",2020-01-24,720.345187981482
"695",2020-01-25,1156.19790288702
"696",2020-01-26,1255.00452688787
"697",2020-01-27,2248.69230257303
"698",2020-01-28,4040.50066427743
"699",2020-01-29,3571.4793542062
"700",2020-01-30,1789.65532244711
"701",2020-01-31,1361.72129343677
"702",2020-02-01,1373.30333908876
"703",2020-02-02,1688.10511184546
"704",2020-02-03,2555.77147013327
"705",2020-02-04,2697.70236641952
"706",2020-02-05,1675.66460411564
"707",2020-02-06,1304.52047939979
"708",2020-02-07,1386.48836373959
"709",2020-02-08,1627.00335802917
"710",2020-02-09,2227.79265672711
"711",2020-02-10,2544.4001806263
"712",2020-02-11,1806.75092271998
"713",2020-02-12,1930.50955505084
"714",2020-02-13,3042.02790088987
"715",2020-02-14,1507.50989094725
"716",2020-02-15,4445.25185122039
"717",2020-02-16,3542.62555517823
"718",2020-02-17,3192.80516227584
"719",2020-02-18,1595.96562440297
"720",2020-02-19,2313.41309827927
"721",2020-02-20,2460.04103853183
"722",2020-02-21,2304.03292141308
"723",2020-02-22,1766.34410653483
"724",2020-02-23,1346.87307518498
"725",2020-02-24,2029.35391540812
"726",2020-02-25,1423.25677148723
"727",2020-02-26,1713.2309035199
"728",2020-02-27,2190.91535658386
"729",2020-02-28,3484.49622743322
"730",2020-02-29,1830.64100496174
"731",2020-03-01,2382.63566460461
"732",2020-03-02,2932.79872464892
"733",2020-03-03,1963.24508813199
"734",2020-03-04,4566.13757727054
"735",2020-03-05,2422.67789437684
"736",2020-03-06,3736.08398241167
"737",2020-03-07,2029.83266168022
"738",2020-03-08,2283.14998078239
"739",2020-03-09,2619.09165589282
"740",2020-03-10,2652.31960127454
"741",2020-03-11,2579.83856286959
"742",2020-03-12,1179.59143473449
"743",2020-03-13,1641.81142110387
"744",2020-03-14,2191.63986762254
"745",2020-03-15,2714.59753925841
"746",2020-03-16,27322.6041549899
"747",2020-03-17,23253.3868946832
"748",2020-03-18,17148.8769920973
"749",2020-03-19,20496.1326622004
"750",2020-03-20,18624.5761087235
"751",2020-03-21,17829.105145723
"752",2020-03-22,25220.2094753125
"753",2020-03-23,23199.4199662415
"754",2020-03-24,14403.2531925759
"755",2020-03-25,19014.3394364734
"756",2020-03-26,16653.7149698813
"757",2020-03-27,20856.6373796274
"758",2020-03-28,20063.3876971398
"759",2020-03-29,21379.9964201589
"760",2020-03-30,19894.8458252909
"761",2020-03-31,14142.0911207797
"762",2020-04-01,16165.4930123747
"763",2020-04-02,22172.8891490452
"764",2020-04-03,28938.8313872497
"765",2020-04-04,19950.0580266571
"766",2020-04-05,17079.4530676516
"767",2020-04-06,14665.2227024064
"768",2020-04-07,17007.9747492326
"769",2020-04-08,23539.6402868854
"770",2020-04-09,21769.3186905758
"771",2020-04-10,25083.3365112553
"772",2020-04-11,14436.8592686614
"773",2020-04-12,16654.4755042057
"774",2020-04-13,20928.6493496173
"775",2020-04-14,20818.1308980755
"776",2020-04-15,19220.9948078238
"777",2020-04-16,15647.7761117792
"778",2020-04-17,18063.8489290636
"779",2020-04-18,19050.2450421771
"780",2020-04-19,16219.2677731232
"781",2020-04-20,20421.1739721873
"782",2020-04-21,22693.2066106303
"783",2020-04-22,19469.8254153932
"784",2020-04-23,17019.8546352934
"785",2020-04-24,14188.5870917261
"786",2020-04-25,17722.9560434481
"787",2020-04-26,17295.5306418986
"788",2020-04-27,17701.944121404
"789",2020-04-28,19930.643359499
"790",2020-04-29,17368.6520823208
"791",2020-04-30,13978.9312786405
"792",2020-05-01,12618.881983947
"793",2020-05-02,16017.46627325
"794",2020-05-03,18147.2121707363
"795",2020-05-04,18676.7756019578
"796",2020-05-05,16829.9288647473
"797",2020-05-06,18823.5475328837
"798",2020-05-07,16151.1775525333
"799",2020-05-08,20125.6668604654
"800",2020-05-09,16478.967461308
"801",2020-05-10,21055.7165870338
"802",2020-05-11,16101.7076251652
"803",2020-05-12,14576.6744777248
"804",2020-05-13,15855.4321058731
"805",2020-05-14,16792.6623147618
"806",2020-05-15,18813.0881236302
"807",2020-05-16,15885.489559014
"808",2020-05-17,14073.515655479
"809",2020-05-18,13176.2509794467
"810",2020-05-19,16115.4477738765
"811",2020-05-20,14421.6263645457
"812",2020-05-21,17475.7101528707
"813",2020-05-22,20177.5591308804
"814",2020-05-23,13395.8058301987
"815",2020-05-24,11676.6589012156
"816",2020-05-25,13303.2811635478
"817",2020-05-26,16273.0026216563
"818",2020-05-27,13185.0864216092
"819",2020-05-28,18475.3461222481
"820",2020-05-29,15294.6313437205
"821",2020-05-30,13107.3884193504
"822",2020-05-31,13941.0649074957
"823",2020-06-01,13084.1994991488
"824",2020-06-02,19202.5822798571
"825",2020-06-03,15579.5107904802
"826",2020-06-04,9914.81202328158
"827",2020-06-05,11662.1239295405
"828",2020-06-06,15170.4523383695
"829",2020-06-07,18073.1884680821
"830",2020-06-08,12307.5154145707
"831",2020-06-09,17680.2475629353
"832",2020-06-10,11962.7867309902
"833",2020-06-11,13550.6634619634
"834",2020-06-12,13656.181366995
"835",2020-06-13,16134.3011688124
"836",2020-06-14,15615.8540087046
"837",2020-06-15,14613.7610907259
"838",2020-06-16,13680.1535253218
"839",2020-06-17,16261.175634676
"840",2020-06-18,11554.5754214891
"841",2020-06-19,11554.9877869196
"842",2020-06-20,12289.9306379303
"843",2020-06-21,12805.7364846882
"844",2020-06-22,8741.89503889706
"845",2020-06-23,11825.2251486203
"846",2020-06-24,9020.50279826547
"847",2020-06-25,11580.1168017823
"848",2020-06-26,14102.9125495065
"849",2020-06-27,15119.3389480292
"850",2020-06-28,13126.5923072469
"851",2020-06-29,8651.56634070171
"852",2020-06-30,10622.6459811959
"853",2020-07-01,11457.2308019723
"854",2020-07-02,14615.6051827827
"855",2020-07-03,14471.7423533582
"856",2020-07-04,9085.86574498328
"857",2020-07-05,11319.7847383263
"858",2020-07-06,10141.1568374472
"859",2020-07-07,14757.5914490006
"860",2020-07-08,15214.3016015706
"861",2020-07-09,14634.6307555511
"862",2020-07-10,9464.14897536461
"863",2020-07-11,8878.17805484857
"864",2020-07-12,10433.1337336122
"865",2020-07-13,13931.7346629503
"866",2020-07-14,12331.2918614578
"867",2020-07-15,15533.6120717407
"868",2020-07-16,8839.89814108922
"869",2020-07-17,10570.9623381193
"870",2020-07-18,11159.6111414239
"871",2020-07-19,11991.0788525049
"872",2020-07-20,12684.4133236664
"873",2020-07-21,10869.7394368013
"874",2020-07-22,11715.8848691939
"875",2020-07-23,11321.5980048089
"876",2020-07-24,9607.03940723299
"877",2020-07-25,10787.5054134208
"878",2020-07-26,15170.9496530407
"879",2020-07-27,14085.3108262481
"880",2020-07-28,9505.74592299354
"881",2020-07-29,7579.43569269979
"882",2020-07-30,10283.4188816403
"883",2020-07-31,12748.8756778507
"884",2020-08-01,11835.7115156975
"885",2020-08-02,11785.1307942532
"886",2020-08-03,10128.4924545791
"887",2020-08-04,10689.5952403681
"888",2020-08-05,10640.7464857404
"889",2020-08-06,11950.2351818828
"890",2020-08-07,8641.15162969188
"891",2020-08-08,9586.67905933973
"892",2020-08-09,6315.50411445324
"893",2020-08-10,8901.34930575965
"894",2020-08-11,11886.0807928419
"895",2020-08-12,10382.4549344345
"896",2020-08-13,12122.0473974251
"897",2020-08-14,11162.7413473001
"898",2020-08-15,9891.79522652286
"899",2020-08-16,7054.16928404735
"900",2020-08-17,8412.03584746722
"901",2020-08-18,7800.33210956542
"902",2020-08-19,16324.2860859944
"903",2020-08-20,11468.8606884625
"904",2020-08-21,12712.7223246019
"905",2020-08-22,8654.08029472709
"906",2020-08-23,11376.6057192461
"907",2020-08-24,10308.4808720562
"908",2020-08-25,11016.9547580889
"909",2020-08-26,10795.2843127397
"910",2020-08-27,12079.8864367877
"911",2020-08-28,7957.69450949123
"912",2020-08-29,8646.20166017216
"913",2020-08-30,11944.7860119129
"914",2020-08-31,12707.4452856406
"915",2020-09-01,10807.6747234611
"916",2020-09-02,8989.64628239598
"917",2020-09-03,10544.5593892162
"918",2020-09-04,9241.65767258223
"919",2020-09-05,10910.7093937011
"920",2020-09-06,12965.321966696
"921",2020-09-07,12481.2220678191
"922",2020-09-08,9439.59899555062
"923",2020-09-09,9748.18298232912
"924",2020-09-10,8912.26995037586
"925",2020-09-11,14977.03303021
"926",2020-09-12,14000.903710413
"927",2020-09-13,12848.6093888452
"928",2020-09-14,9991.78098292437
"929",2020-09-15,7689.38456533037
"930",2020-09-16,12023.7898096493
"931",2020-09-17,14912.1282633658
"932",2020-09-18,8415.15632524466
"933",2020-09-19,11865.7400029359
"934",2020-09-20,8498.20587342709
"935",2020-09-21,8492.52422491792
"936",2020-09-22,8391.62226934524
"937",2020-09-23,11199.1269125124
"938",2020-09-24,10563.4452154195
"939",2020-09-25,12482.986556872
"940",2020-09-26,11201.6873673537
"941",2020-09-27,12164.8750494103
"942",2020-09-28,11269.2545908137
"943",2020-09-29,10974.8163757789
"944",2020-09-30,9767.25346317624
"945",2020-10-01,9766.40057228696
"946",2020-10-02,8118.35477727011
"947",2020-10-03,9952.78040401125
"948",2020-10-04,9566.919656936
"949",2020-10-05,7328.62561424732
"950",2020-10-06,10784.1727426671
"951",2020-10-07,10100.1026105774
"952",2020-10-08,10210.9978824562
"953",2020-10-09,6623.35379919519
"954",2020-10-10,7098.29656333404
"955",2020-10-11,11450.7886687874
"956",2020-10-12,9208.85952592605
"957",2020-10-13,9732.54139159121
"958",2020-10-14,7518.11844813301
"959",2020-10-15,7902.97701226998
"960",2020-10-16,5396.89255081535
"961",2020-10-17,10020.5084160131
"962",2020-10-18,6576.68600826898
"963",2020-10-19,11220.2423605928
"964",2020-10-20,6961.53877103144
"965",2020-10-21,6209.40908222804
"966",2020-10-22,7958.01716179326
"967",2020-10-23,9307.93839971406
"968",2020-10-24,10353.1976113546
"969",2020-10-25,9893.31949697044
"970",2020-10-26,6951.32553234269
"971",2020-10-27,6485.4884672509
"972",2020-10-28,6787.44896161519
"973",2020-10-29,10561.366011237
"974",2020-10-30,9554.67101984863
"975",2020-10-31,11547.5669295409
"976",2020-11-01,8070.38400231398
"977",2020-11-02,7129.41854002622
"978",2020-11-03,6346.69446025568
"979",2020-11-04,8438.37260103783
"980",2020-11-05,9024.66666150352
"981",2020-11-06,9138.05476870227
"982",2020-11-07,7472.16478544282
"983",2020-11-08,8146.62518809415
"984",2020-11-09,7228.78604064078
"985",2020-11-10,8382.90587302172
"986",2020-11-11,7641.16856134055
"987",2020-11-12,8387.11444965378
"988",2020-11-13,6962.07438908997
"989",2020-11-14,7931.9223649811
"990",2020-11-15,6492.79577656087
"991",2020-11-16,6099.48780403157
"992",2020-11-17,7699.97884509518
"993",2020-11-18,11740.0845699556
"994",2020-11-19,6891.11920606498
"995",2020-11-20,11383.0159440366
"996",2020-11-21,6138.01110431152
"997",2020-11-22,7957.47543436045
"998",2020-11-23,8886.72814216484
"999",2020-11-24,9412.06302543978
"1000",2020-11-25,6688.2823751885
"1001",2020-11-26,4782.75989825955
"1002",2020-11-27,6028.88105659107
"1003",2020-11-28,7512.32505910968
"1004",2020-11-29,7691.59555109416
"1005",2020-11-30,10407.1348148879
"1006",2020-12-01,6115.16804423762
"1007",2020-12-02,3206.73473069369
"1008",2020-12-03,4879.73191262378
"1009",2020-12-04,7072.94455782202
"1010",2020-12-05,4321.81533525007
"1011",2020-12-06,6012.40487107674
"1012",2020-12-07,4931.00815297737
"1013",2020-12-08,5583.80843916955
"1014",2020-12-09,4819.67689329264
"1015",2020-12-10,5635.50478791913
"1016",2020-12-11,8829.09365538572
"1017",2020-12-12,5224.049316502
"1018",2020-12-13,3846.89323374168
"1019",2020-12-14,4332.70063671707
"1020",2020-12-15,6029.5357651106
"1021",2020-12-16,6686.32214566445
"1022",2020-12-17,5715.40370399344
"1023",2020-12-18,7086.085835855
"1024",2020-12-19,4712.12784864226
"1025",2020-12-20,4201.27140737834
"1026",2020-12-21,4369.77173945291
"1027",2020-12-22,4865.61563276086
"1028",2020-12-23,6714.97136578073
"1029",2020-12-24,6831.60904969484
"1030",2020-12-25,2889.43309391084
"1031",2020-12-26,5436.86227201062
"1032",2020-12-27,5365.21518222167
"1033",2020-12-28,5802.27082338141
"1034",2020-12-29,5535.37747371613
"1035",2020-12-30,5872.4846223346
"1036",2020-12-31,4373.44958807038
"1037",2021-01-01,5045.78462167686
"1038",2021-01-02,4960.91761889045
"1039",2021-01-03,6436.86677171129
"1040",2021-01-04,7082.41582222689
"1041",2021-01-05,6771.02870275111
"1042",2021-01-06,3752.9464837557
"1043",2021-01-07,5356.64003206899
"1044",2021-01-08,5031.66870669923
"1045",2021-01-09,5264.04100123844
"1046",2021-01-10,5788.82768165816
"1047",2021-01-11,5717.23584364114
"1048",2021-01-12,5971.90964852985
"1049",2021-01-13,4084.00355876067
"1050",2021-01-14,4446.22102960076
"1051",2021-01-15,4193.46429459351
"1052",2021-01-16,5973.79048428922
"1053",2021-01-17,4374.20791127728
"1054",2021-01-18,5779.47064944879
"1055",2021-01-19,2912.81956727724
"1056",2021-01-20,5371.34789182509
"1057",2021-01-21,7578.42398274571
"1058",2021-01-22,7036.3680860284
"1059",2021-01-23,8344.52382593635
"1060",2021-01-24,4361.30504359261
"1061",2021-01-25,6152.76113907422
"1062",2021-01-26,7143.95811376098
"1063",2021-01-27,6401.60474246477
"1064",2021-01-28,7266.27140097491
"1065",2021-01-29,6305.7204452639
"1066",2021-01-30,5089.6850884463
"1067",2021-01-31,3440.57913479104
"1068",2021-02-01,4989.33466751614
"1069",2021-02-02,4989.9645250761
"1070",2021-02-03,5182.50269733154
"1071",2021-02-04,5654.56379800766
"1072",2021-02-05,5926.52162139298
"1073",2021-02-06,3868.16518599222
"1074",2021-02-07,5311.92961910345
"1075",2021-02-08,4617.88417925141
"1076",2021-02-09,5867.10729150283
"1077",2021-02-10,7463.80110477838
"1078",2021-02-11,2686.59345116466
"1079",2021-02-12,2601.57203701098
"1080",2021-02-13,5177.60843686233
"1081",2021-02-14,5923.61331105944
"1082",2021-02-15,4160.90711375689
"1083",2021-02-16,6930.75376724796
"1084",2021-02-17,2399.00415401822
"1085",2021-02-18,3541.90861284044
"1086",2021-02-19,3659.85666238346
"1087",2021-02-20,5413.586288948
"1088",2021-02-21,3898.98755222433
"1089",2021-02-22,7141.52739149262
"1090",2021-02-23,2695.84937018872
"1091",2021-02-24,3230.03475000184
"1092",2021-02-25,3140.81678884168
"1093",2021-02-26,4341.48049207293
"1094",2021-02-27,3650.02107877414
"1095",2021-02-28,4133.22776806066
"1096",2021-03-01,2858.00666070066
"1097",2021-03-02,3788.11785966268
"1098",2021-03-03,4259.14783445808
"1099",2021-03-04,7672.3976452755
"1100",2021-03-05,5308.64632771067
"1101",2021-03-06,6061.32614743484
"1102",2021-03-07,4538.30952197162
"1103",2021-03-08,2363.25472568262
"1104",2021-03-09,4374.97004677554
"1105",2021-03-10,2969.43840515033
"1106",2021-03-11,4189.30603244711
"1107",2021-03-12,5259.14695305425
"1108",2021-03-13,2719.77105139789
"1109",2021-03-14,4215.47916622345
"1110",2021-03-15,3873.86760709851
"1111",2021-03-16,4777.60745661269
